,순번,road_address,도로종류,도로기능,도로규모,도로폭,시도구도구분,x,y
0,1,가로공원로,일반도로,국지도로,중로1류,폭20-25m,구도,37.5374140932581,126.838979125395
1,2,가리봉~독산선,일반도로,보조간선도로,중로1류,폭20-25m,특별시도,0.0,0.0
2,3,가리봉~신길선,일반도로,보조간선도로,대로2류,폭30-35m,특별시도,0.0,0.0
3,4,가마산로,일반도로,국지도로,중로2류,폭15-20m,구도,37.4917909274297,126.882034788346
4,5,가산디지털1로,일반도로,국지도로,중로1류,폭20-25m,구도,37.4764015612746,126.883337170325
5,6,가양~현저선,일반도로,주간선도로,대로1류,폭35-40m,특별시도,0.0,0.0
6,7,가양대로,일반도로,국지도로,광로3류,폭40-50m,구도,37.5802550608155,126.876291419273
7,8,가재울미래로,일반도로,국지도로,중로2류,폭15-20m,구도,37.5715402980849,126.916053268241
8,9,갈월~동자동선,일반도로,보조간선도로,중로2류,폭15-20m,특별시도,0.0,0.0
9,10,갈현~적선선,일반도로,주간선도로,대로2류,폭30-35m,특별시도,0.0,0.0
10,11,감일남로,일반도로,국지도로,대로2류,폭30-35m,구도,37.50412084128,127.150045898357
11,12,감초로,일반도로,국지도로,대로2류,폭30-35m,구도,37.5462541346418,127.173439660686
12,13,강남대로,일반도로,국지도로,대로3류,폭25-30m,구도,37.5262280049871,127.013953355824
13,14,강남대로61길,일반도로,국지도로,중로1류,폭20-25m,구도,37.4989664446191,127.02517645592
14,15,강남순환로,자동차전용도로,도시고속도로,대로3류,폭25-30m,특별시도,37.4708475147858,126.951680770434
15,16,강남순환로,일반도로,국지도로,대로2류,폭30-35m,구도,37.4708475147858,126.951680770434
16,17,강동대로,일반도로,국지도로,대로1류,폭35-40m,구도,37.5217926052628,127.133033166531
17,18,강변북로,자동차전용도로,도시고속도로,중로1류,폭20-25m,특별시도,37.5327445904874,127.094218338896
18,19,강변북로,일반도로,국지도로,대로3류,폭25-30m,구도,37.5327445904874,127.094218338896
19,20,강변역로,일반도로,국지도로,대로1류,폭35-40m,구도,37.53509209919,127.094391797992
20,21,강변역로4길,일반도로,국지도로,대로3류,폭25-30m,구도,37.533120539209,127.09244342564
21,22,강서로,일반도로,국지도로,중로2류,폭15-20m,구도,37.550170383598,126.836324103117
22,23,강서로56길,일반도로,국지도로,중로2류,폭15-20m,구도,37.5593158977859,126.841904880463
23,24,개봉로12길,일반도로,국지도로,중로1류,폭20-25m,구도,37.4881946702233,126.857755346358
24,25,개봉선,일반도로,보조간선도로,대로3류,폭25-30m,특별시도,0.0,0.0
25,26,개포로,일반도로,국지도로,중로2류,폭15-20m,구도,37.4888715276442,127.065277966053
26,27,개포로124길,일반도로,국지도로,중로2류,폭15-20m,구도,37.493479388067,127.083045676334
27,28,개포로88길,일반도로,국지도로,중로2류,폭15-20m,구도,37.4882232690036,127.069666737911
28,29,거마로,일반도로,국지도로,중로2류,폭15-20m,구도,37.498749924775,127.146911670509
29,30,경부간선,자동차전용도로,도시고속도로,광로3류,폭40-50m,특별시도,0.0,0.0
30,31,경부고속도로,일반도로,기타,광로2류,폭50-70m,고속국도,37.471958811697,127.031886816408
31,32,경인고속도로,일반도로,기타,광로2류,폭50-70m,고속국도,37.524811024489,126.830441828712
32,33,경인로,일반도로,국지도로,중로1류,폭20-25m,구도,37.4970680103663,126.85907314802
33,34,경인로61길,일반도로,국지도로,중로2류,폭15-20m,구도,37.5083066815938,126.883996685778
34,35,경인로65길,일반도로,국지도로,중로2류,폭15-20m,구도,37.5090611137432,126.88614843829
35,36,경인지하도로,일반도로,도시고속도로,중로2류,폭15-20m,특별시도,0.0,0.0
36,37,고덕로62길,일반도로,국지도로,중로2류,폭15-20m,구도,37.5521025354745,127.152812354666
37,38,고덕로80길,일반도로,국지도로,중로1류,폭20-25m,구도,37.5536108293955,127.165172744113
38,39,고덕로97길,일반도로,국지도로,중로1류,폭20-25m,구도,37.560969958474,127.179986235103
39,40,고덕로98길,일반도로,국지도로,중로2류,폭15-20m,구도,37.5539987581716,127.179521084624
40,41,고려대로,일반도로,국지도로,중로2류,폭15-20m,구도,37.5862772812539,127.025950707343
41,42,고무래로,일반도로,국지도로,중로2류,폭15-20m,구도,37.5024814788926,127.01418077688
42,43,고산자로,일반도로,국지도로,중로1류,폭20-25m,구도,37.5817562567556,127.038556556292
43,44,고산자로10길,일반도로,국지도로,중로2류,폭15-20m,구도,37.5587293676737,127.035595826865
44,45,고척~가양선,일반도로,보조간선도로,대로1류,폭35-40m,특별시도,0.0,0.0
45,46,공덕~봉래선,일반도로,주간선도로,대로2류,폭30-35m,특별시도,0.0,0.0
46,47,공릉~우이선,일반도로,보조간선도로,대로2류,폭30-35m,특별시도,0.0,0.0
47,48,공원로,일반도로,국지도로,중로1류,폭20-25m,구도,37.5023108701632,126.889366460141
48,49,공원로6가길,일반도로,국지도로,중로2류,폭15-20m,구도,37.5032501188101,126.890182634149
49,50,공원로6길,일반도로,국지도로,대로3류,폭25-30m,구도,37.5015057028126,126.891374123545
50,51,공항~발산선,일반도로,보조간선도로,중로1류,폭20-25m,특별시도,0.0,0.0
51,52,공항대로,일반도로,국지도로,중로1류,폭20-25m,구도,37.5578858480641,126.845177244055
52,53,과천대로,일반도로,국지도로,대로3류,폭25-30m,구도,37.4676786212172,126.986888497316
53,54,과해~삼성선,일반도로,주간선도로,광로3류,폭40-50m,특별시도,0.0,0.0
54,55,관악로,일반도로,국지도로,중로2류,폭15-20m,구도,37.4791724103486,126.952383381179
55,56,관악로40길,일반도로,국지도로,중로2류,폭15-20m,구도,37.4918401772031,126.95897815083
56,57,광나루로,일반도로,국지도로,중로1류,폭20-25m,구도,37.5450082243855,127.086520500375
57,58,광나루로56길,일반도로,국지도로,대로1류,폭35-40m,구도,37.5376015260875,127.096447209406
58,59,광남로,일반도로,국지도로,중로2류,폭15-20m,구도,37.4777887021237,126.84531301794
59,60,광명~시흥선,일반도로,보조간선도로,중로1류,폭20-25m,특별시도,0.0,0.0
60,61,광명~오류동길,일반도로,보조간선도로,대로2류,폭30-35m,특별시도,0.0,0.0
61,62,광장~상일선,일반도로,보조간선도로,중로2류,폭15-20m,특별시도,0.0,0.0
62,63,광평로,일반도로,국지도로,중로2류,폭15-20m,구도,37.4843199839537,127.091154802928
63,64,광평로19길,일반도로,국지도로,중로2류,폭15-20m,구도,37.48474271286,127.086390238389
64,65,광평로20길,일반도로,국지도로,중로2류,폭15-20m,구도,37.4816702125673,127.08635119938
65,66,광평로47길,일반도로,국지도로,중로2류,폭15-20m,구도,37.4876553079596,127.099347002722
66,67,광평로9길,일반도로,국지도로,중로2류,폭15-20m,구도,37.4841089775364,127.079808749606
67,68,구로~신길선,일반도로,보조간선도로,대로3류,폭25-30m,특별시도,0.0,0.0
68,69,구로~염창선,일반도로,보조간선도로,대로2류,폭30-35m,특별시도,0.0,0.0
69,70,구로동로,일반도로,국지도로,중로2류,폭15-20m,구도,37.4909979428838,126.883936729699
70,71,구로동로12길,일반도로,국지도로,중로2류,폭15-20m,구도,37.4883697768833,126.886327633399
71,72,구로동로28길,일반도로,국지도로,중로1류,폭20-25m,구도,37.4909277829347,126.887790012064
72,73,구로중앙로,일반도로,국지도로,중로2류,폭15-20m,구도,37.5001376588036,126.883021146116
73,74,구로중앙로15길,일반도로,국지도로,대로3류,폭25-30m,구도,37.4931708493844,126.888848809987
74,75,구룡지하도로,일반도로,도시고속도로,중로2류,폭15-20m,특별시도,0.0,0.0
75,76,구리포천고속도로,일반도로,기타,대로2류,폭30-35m,고속국도,37.6104668107517,127.114709628389
76,77,구의~광장선,일반도로,보조간선도로,대로2류,폭30-35m,특별시도,0.0,0.0
77,78,구의선,일반도로,보조간선도로,대로3류,폭25-30m,특별시도,0.0,0.0
78,79,구일로10길,일반도로,국지도로,중로2류,폭15-20m,구도,37.4954677495445,126.874509230574
79,80,구일로4길,일반도로,국지도로,중로2류,폭15-20m,구도,37.4919508889066,126.876081802223
80,81,국제금융로,일반도로,국지도로,중로1류,폭20-25m,구도,37.5221358552798,126.930662378242
81,82,국제금융로2길,일반도로,국지도로,중로2류,폭15-20m,구도,37.5239891436688,126.925367620106
82,83,국제금융로8길,일반도로,국지도로,중로2류,폭15-20m,구도,37.5206966269734,126.928601178012
83,84,국회대로,일반도로,국지도로,중로1류,폭20-25m,구도,37.5283312119007,126.852292032934
84,85,국회대로52길,일반도로,국지도로,중로2류,폭15-20m,구도,37.5250748819297,126.906658768615
85,86,국회대로76길,일반도로,국지도로,광로2류,폭50-70m,구도,37.5301084751723,126.922840309104
86,87,군자교동측지하도로,일반도로,도시고속도로,중로2류,폭15-20m,특별시도,0.0,0.0
87,88,궁동~영등포선,일반도로,보조간선도로,대로3류,폭25-30m,특별시도,0.0,0.0
88,89,금낭화로,일반도로,국지도로,중로2류,폭15-20m,구도,37.5783253066594,126.813079225513
89,90,금오로,일반도로,국지도로,대로3류,폭25-30m,구도,37.4788243111497,126.842847245269
90,91,금호~동소문선,일반도로,보조간선도로,중로1류,폭20-25m,특별시도,0.0,0.0
91,92,금호~청구선,일반도로,보조간선도로,대로3류,폭25-30m,특별시도,0.0,0.0
92,93,금호~행당선,일반도로,보조간선도로,중로1류,폭20-25m,특별시도,0.0,0.0
93,94,길음로15길,일반도로,국지도로,중로2류,폭15-20m,구도,37.6103360390479,127.016741799312
94,95,김포대로,일반도로,국지도로,중로1류,폭20-25m,구도,37.5832560270338,126.798323552126
95,96,낙성대로,일반도로,국지도로,중로2류,폭15-20m,구도,37.4732922094268,126.959029326931
96,97,난곡로77길,일반도로,국지도로,중로1류,폭20-25m,구도,37.485967848964,126.91292157323
97,98,남대문로,일반도로,국지도로,중로1류,폭20-25m,구도,37.5629067371575,126.981730187936
98,99,남부순환로,일반도로,국지도로,중로1류,폭20-25m,구도,37.4969617892554,127.071455265352
99,100,남부순환로340길,일반도로,국지도로,중로2류,폭15-20m,구도,37.4814167206974,127.023363163585
100,101,남부순환로346길,일반도로,국지도로,중로1류,폭20-25m,구도,37.4831234934341,127.031542079163
101,102,남부순환로394길,일반도로,국지도로,중로2류,폭15-20m,구도,37.4915517046671,127.060812744599
102,103,남부순환로~양천로,일반도로,보조간선도로,대로2류,폭30-35m,특별시도,0.0,0.0
103,104,남산2호터널선,일반도로,보조간선도로,중로3류,폭12-15m,특별시도,0.0,0.0
104,105,남창~남산선,일반도로,보조간선도로,중로1류,폭20-25m,특별시도,0.0,0.0
105,106,내곡~월곡선,일반도로,주간선도로,광로3류,폭40-50m,특별시도,0.0,0.0
106,107,내부순환도시고속도로,자동차전용도로,도시고속도로,대로3류,폭25-30m,특별시도,0.0,0.0
107,108,노고산~창신선,일반도로,보조간선도로,대로2류,폭30-35m,특별시도,0.0,0.0
108,109,노들로,일반도로,국지도로,대로3류,폭25-30m,구도,37.5161883044676,126.941787442714
109,110,노량진로,일반도로,국지도로,중로2류,폭15-20m,구도,37.513527817155,126.939980201368
110,111,노원로,일반도로,국지도로,중로2류,폭15-20m,구도,37.6438917702914,127.071433176859
111,112,노원로17길,일반도로,국지도로,중로2류,폭15-20m,구도,37.6423411566987,127.070114860999
112,113,노원로38길,일반도로,국지도로,중로1류,폭20-25m,구도,37.6629834342969,127.061644582311
113,114,노원역~당고개역선,일반도로,보조간선도로,대로2류,폭30-35m,특별시도,0.0,0.0
114,115,노유~중곡선,일반도로,보조간선도로,대로2류,폭30-35m,특별시도,0.0,0.0
115,116,노해로,일반도로,국지도로,중로2류,폭15-20m,구도,37.641323719272,127.02247091774
116,117,노해로67길,일반도로,국지도로,중로2류,폭15-20m,구도,37.6519733708947,127.049115242856
117,118,노해로69길,일반도로,국지도로,중로2류,폭15-20m,구도,37.6561274488863,127.049740705344
118,119,노해로70길,일반도로,국지도로,중로2류,폭15-20m,구도,37.6492374022225,127.052155849343
119,120,녹사평대로,일반도로,국지도로,중로1류,폭20-25m,구도,37.5358107887212,126.986861869385
120,121,논현로,일반도로,국지도로,중로2류,폭15-20m,구도,37.5131978481825,127.031113830373
121,122,논현로10길,일반도로,국지도로,중로2류,폭15-20m,구도,37.4744495693233,127.049847512164
122,123,논현로189길,일반도로,국지도로,중로2류,폭15-20m,구도,37.526216913759,127.020239150642
123,124,농수산시장로,일반도로,국지도로,대로2류,폭30-35m,구도,37.5637992226202,126.899140541918
124,125,누원2길,일반도로,국지도로,중로1류,폭20-25m,구도,37.6851105560925,127.053194373217
125,126,누원로,일반도로,국지도로,중로1류,폭20-25m,구도,37.6880599554295,127.053284118255
126,127,능동로,일반도로,국지도로,중로2류,폭15-20m,구도,37.5503978092477,127.076062864098
127,128,능동로10길,일반도로,국지도로,중로2류,폭15-20m,구도,37.5364826590256,127.072525855822
128,129,다산로,일반도로,국지도로,중로2류,폭15-20m,구도,37.5475128150667,127.00430239498
129,130,답십리~전농선,일반도로,보조간선도로,대로3류,폭25-30m,특별시도,0.0,0.0
130,131,답십리로,일반도로,국지도로,중로2류,폭15-20m,구도,37.5728706947252,127.058958260045
131,132,당산로,일반도로,국지도로,중로2류,폭15-20m,구도,37.5259230617279,126.896674782942
132,133,당산로2길,일반도로,국지도로,중로2류,폭15-20m,구도,37.5150166246665,126.89731691548
133,134,당산로4길,일반도로,국지도로,중로1류,폭20-25m,구도,37.5169757329444,126.897589892866
134,135,대림~영등포선,일반도로,보조간선도로,대로2류,폭30-35m,특별시도,0.0,0.0
135,136,대림로,일반도로,국지도로,중로2류,폭15-20m,구도,37.4872277520778,126.909476780104
136,137,대사관로,일반도로,국지도로,중로2류,폭15-20m,구도,37.5979667205461,126.992000660382
137,138,대사관로,일반도로,국지도로,중로2류,폭15-20m,구도,37.5979667205461,126.992000660382
138,139,대학로,일반도로,국지도로,중로1류,폭20-25m,구도,37.5783019955308,127.002213328464
139,140,덕릉로66길,일반도로,국지도로,중로2류,폭15-20m,구도,37.6444817771064,127.051868913421
140,141,덕릉로76길,일반도로,국지도로,중로1류,폭20-25m,구도,37.6546049083021,127.076187733484
141,142,도곡로,일반도로,국지도로,대로2류,폭30-35m,구도,37.4959819601043,127.051928987665
142,143,도곡로101길,일반도로,국지도로,중로2류,폭15-20m,구도,37.5035284128287,127.067150910177
143,144,도구로5길,일반도로,국지도로,중로2류,폭15-20m,구도,37.4810127727887,126.987861431941
144,145,도림천로,일반도로,국지도로,중로2류,폭15-20m,구도,37.503161445781,126.893014646219
145,146,도봉로,일반도로,국지도로,중로2류,폭15-20m,구도,37.626948778629,127.025917602548
146,147,도봉로110아길,일반도로,국지도로,중로2류,폭15-20m,구도,37.6446791744538,127.037640210695
147,148,도봉로136길,일반도로,국지도로,중로1류,폭20-25m,구도,37.6594962320936,127.044762617273
148,149,도봉로170길,일반도로,국지도로,중로2류,폭15-20m,구도,37.6799964008254,127.047998615303
149,150,도봉산입구선,일반도로,보조간선도로,대로3류,폭25-30m,특별시도,0.0,0.0
150,151,도봉역선,일반도로,보조간선도로,중로1류,폭20-25m,특별시도,0.0,0.0
151,152,도산대로,일반도로,국지도로,대로3류,폭25-30m,구도,37.5222932813165,127.036226026992
152,153,도신로29길,일반도로,국지도로,중로2류,폭15-20m,구도,37.5107007271399,126.904069471162
153,154,도심순환도로,일반도로,주간선도로,대로2류,폭30-35m,특별시도,0.0,0.0
154,155,독막로,일반도로,국지도로,중로2류,폭15-20m,구도,37.5474735237527,126.932212423234
155,156,독산~등촌선,일반도로,보조간선도로,대로2류,폭30-35m,특별시도,0.0,0.0
156,157,독산~봉천선,일반도로,보조간선도로,중로1류,폭20-25m,특별시도,0.0,0.0
157,158,독산로50라길,일반도로,국지도로,중로2류,폭15-20m,구도,37.4615737947367,126.911435584063
158,159,돈암~창동선,일반도로,보조간선도로,중로1류,폭20-25m,특별시도,0.0,0.0
159,160,동광로6길,일반도로,국지도로,중로2류,폭15-20m,구도,37.4904250169152,126.985073623404
160,161,동교~월곡선,일반도로,보조간선도로,중로1류,폭20-25m,특별시도,0.0,0.0
161,162,동남로,일반도로,국지도로,중로2류,폭15-20m,구도,37.5416607703027,127.153859199645
162,163,동남로12길,일반도로,국지도로,중로2류,폭15-20m,구도,37.4916420013713,127.129072300097
163,164,동남로24길,일반도로,국지도로,중로2류,폭15-20m,구도,37.4988711079093,127.138407816402
164,165,동부간선,자동차전용도로,도시고속도로,대로3류,폭25-30m,특별시도,0.0,0.0
165,166,동부간선로,일반도로,국지도로,대로3류,폭25-30m,구도,37.5659105057472,127.075422363648
166,167,동산로,일반도로,국지도로,중로2류,폭15-20m,구도,37.4713959048308,127.044081469159
167,168,동선~정릉선,일반도로,보조간선도로,대로3류,폭25-30m,특별시도,0.0,0.0
168,169,동소문로,일반도로,국지도로,중로2류,폭15-20m,구도,37.596777909164,127.02137996202
169,170,동일로,일반도로,국지도로,중로1류,폭20-25m,구도,37.552488101828,127.069828705186
170,171,동일로191길,일반도로,국지도로,중로2류,폭15-20m,구도,37.6251267878099,127.071845562416
171,172,동일로192길,일반도로,국지도로,대로3류,폭25-30m,구도,37.6266641003084,127.075518486628
172,173,동일로197길,일반도로,국지도로,중로1류,폭20-25m,구도,37.6271994452293,127.069390469938
173,174,동일로203가길,일반도로,국지도로,중로1류,폭20-25m,구도,37.63951024541,127.064952598454
174,175,동일로204길,일반도로,국지도로,중로1류,폭20-25m,구도,37.6390685758156,127.068159172198
175,176,동일로206길,일반도로,국지도로,중로2류,폭15-20m,구도,37.6414676074784,127.067093363243
176,177,동일로215길,일반도로,국지도로,중로2류,폭15-20m,구도,37.6508016017091,127.058490053522
177,178,동일로216길,일반도로,국지도로,중로2류,폭15-20m,구도,37.6521749380342,127.064595677659
178,179,동일로227길,일반도로,국지도로,중로1류,폭20-25m,구도,37.6672486228072,127.054038494808
179,180,동일로228길,일반도로,국지도로,중로1류,폭20-25m,구도,37.6677337217949,127.059088078491
180,181,동일로245가길,일반도로,국지도로,중로2류,폭15-20m,구도,37.6801083382892,127.054547749842
181,182,동작대로,일반도로,국지도로,대로3류,폭25-30m,구도,37.4916552859439,126.982677728467
182,183,동작대로1길,일반도로,국지도로,중로2류,폭15-20m,구도,37.4773156792271,126.980034637376
183,184,동호로,일반도로,국지도로,중로1류,폭20-25m,구도,37.5506469924232,127.014047647486
184,185,두산로,일반도로,국지도로,중로1류,폭20-25m,구도,37.4703399911277,126.892920474171
185,186,등촌로,일반도로,국지도로,중로2류,폭15-20m,구도,37.5407979092291,126.863766652181
186,187,디지털로,일반도로,국지도로,중로2류,폭15-20m,구도,37.4831389267883,126.894230715
187,188,마곡동로,일반도로,국지도로,대로1류,폭35-40m,구도,37.5631670554538,126.83392082788
188,189,마곡중앙1로,일반도로,국지도로,중로2류,폭15-20m,구도,37.5585694278814,126.821552194847
189,190,마곡중앙10로,일반도로,국지도로,중로1류,폭20-25m,구도,37.5637938528627,126.833646998075
190,191,마곡중앙2로,일반도로,국지도로,중로2류,폭15-20m,구도,37.5576543420952,126.830895178264
191,192,마곡중앙3로,일반도로,국지도로,중로1류,폭20-25m,구도,37.5624062106445,126.821838906277
192,193,마곡중앙4로,일반도로,국지도로,중로2류,폭15-20m,구도,37.5585273975819,126.831077119296
193,194,마곡중앙5로,일반도로,국지도로,중로1류,폭20-25m,구도,37.5671194859703,126.8222505623
194,195,마곡중앙8로,일반도로,국지도로,중로1류,폭20-25m,구도,37.5613038571798,126.83306942033
195,196,마곡중앙로,일반도로,국지도로,대로3류,폭25-30m,구도,37.5632523620364,126.827375940145
196,197,마들로1길,일반도로,국지도로,중로2류,폭15-20m,구도,37.6230507724215,127.066874610559
197,198,마들로11길,일반도로,국지도로,중로2류,폭15-20m,구도,37.6540087674529,127.051056442572
198,199,마방로,일반도로,국지도로,중로1류,폭20-25m,구도,37.47576242357,127.041728120526
199,200,마장~사근선,일반도로,보조간선도로,중로2류,폭15-20m,특별시도,0.0,0.0
200,201,마포대로,일반도로,국지도로,대로3류,폭25-30m,구도,37.5463012324804,126.9527383577
201,202,만리재로,일반도로,국지도로,중로2류,폭15-20m,구도,37.5472240088667,126.957906739449
202,203,만양로3길,일반도로,국지도로,중로2류,폭15-20m,구도,37.5083727051618,126.943794177905
203,204,망우~공릉선,일반도로,보조간선도로,대로2류,폭30-35m,특별시도,0.0,0.0
204,205,망우로,일반도로,국지도로,중로2류,폭15-20m,구도,37.5900438667509,127.062015877188
205,206,매봉산로,일반도로,국지도로,중로2류,폭15-20m,구도,37.5762156251453,126.891388518027
206,207,매헌로,일반도로,국지도로,중로1류,폭20-25m,구도,37.4662411347907,127.034290982756
207,208,면목~상봉선,일반도로,보조간선도로,중로1류,폭20-25m,특별시도,0.0,0.0
208,209,면목~상봉선,일반도로,보조간선도로,중로1류,폭20-25m,특별시도,0.0,0.0
209,210,면목천로,일반도로,국지도로,중로1류,폭20-25m,구도,37.5847587431844,127.083490361056
210,211,모래내고가도로,일반도로,도시고속도로,중로2류,폭15-20m,특별시도,0.0,0.0
211,212,목동~안양천선,일반도로,보조간선도로,중로1류,폭20-25m,특별시도,0.0,0.0
212,213,목동남로,일반도로,국지도로,중로2류,폭15-20m,구도,37.5076620816971,126.862327850552
213,214,목동동로,일반도로,국지도로,중로1류,폭20-25m,구도,37.5257045611608,126.871760148612
214,215,목동동로1길,일반도로,국지도로,중로2류,폭15-20m,구도,37.5166021608126,126.857061441527
215,216,목동동로16길,일반도로,국지도로,중로2류,폭15-20m,구도,37.5336732703503,126.880509001316
216,217,목동동로2길,일반도로,국지도로,중로2류,폭15-20m,구도,37.5112012333049,126.860415280784
217,218,목동동로4길,일반도로,국지도로,중로2류,폭15-20m,구도,37.5135599839999,126.863199275519
218,219,목동로,일반도로,국지도로,광로3류,폭40-50m,구도,37.5181447239242,126.867614795785
219,220,목동로3길,일반도로,국지도로,중로1류,폭20-25m,구도,37.5120118724589,126.86389488551
220,221,목동로8길,일반도로,국지도로,중로2류,폭15-20m,구도,37.5231840283169,126.867051808157
221,222,목동서로10길,일반도로,국지도로,중로2류,폭15-20m,구도,37.5198105093949,126.863431071756
222,223,목동선,일반도로,보조간선도로,대로3류,폭25-30m,특별시도,0.0,0.0
223,224,무명도로-10049371,일반도로,국지도로,중로1류,폭20-25m,구도,0.0,0.0
224,225,무명도로-137088,일반도로,국지도로,중로3류,폭12-15m,구도,0.0,0.0
225,226,무명도로-16004901,일반도로,국지도로,중로3류,폭12-15m,구도,0.0,0.0
226,227,무명도로-16005170,일반도로,국지도로,중로3류,폭12-15m,구도,0.0,0.0
227,228,무명도로-16007129,일반도로,국지도로,중로2류,폭15-20m,구도,0.0,0.0
228,229,무명도로-16008271,일반도로,국지도로,중로3류,폭12-15m,구도,0.0,0.0
229,230,무명도로-16008290,일반도로,국지도로,중로2류,폭15-20m,구도,0.0,0.0
230,231,무명도로-19989,일반도로,국지도로,중로3류,폭12-15m,구도,0.0,0.0
231,232,무명도로-20002533,일반도로,국지도로,중로3류,폭12-15m,구도,0.0,0.0
232,233,무명도로-20002538,일반도로,국지도로,중로1류,폭20-25m,구도,0.0,0.0
233,234,무명도로-221759,일반도로,국지도로,중로2류,폭15-20m,구도,0.0,0.0
234,235,무명도로-3000098,일반도로,국지도로,중로1류,폭20-25m,구도,0.0,0.0
235,236,무명도로-3000106,일반도로,국지도로,중로3류,폭12-15m,구도,0.0,0.0
236,237,무명도로-3000140,일반도로,국지도로,중로2류,폭15-20m,구도,0.0,0.0
237,238,무명도로-3000484,일반도로,국지도로,중로2류,폭15-20m,구도,0.0,0.0
238,239,무명도로-3000511,일반도로,국지도로,중로1류,폭20-25m,구도,0.0,0.0
239,240,무명도로-3000539,일반도로,국지도로,중로3류,폭12-15m,구도,0.0,0.0
240,241,무명도로-3000551,일반도로,국지도로,중로1류,폭20-25m,구도,0.0,0.0
241,242,무명도로-3000589,일반도로,국지도로,중로3류,폭12-15m,구도,0.0,0.0
242,243,무명도로-3000719,일반도로,국지도로,중로3류,폭12-15m,구도,0.0,0.0
243,244,무명도로-3000951,일반도로,국지도로,대로2류,폭30-35m,구도,0.0,0.0
244,245,무명도로-3000996,일반도로,국지도로,중로2류,폭15-20m,구도,0.0,0.0
245,246,무명도로-3001060,일반도로,국지도로,중로3류,폭12-15m,구도,0.0,0.0
246,247,무명도로-3001208,일반도로,국지도로,중로3류,폭12-15m,구도,0.0,0.0
247,248,무명도로-3001218,일반도로,국지도로,중로2류,폭15-20m,구도,0.0,0.0
248,249,무명도로-3001227,일반도로,국지도로,중로2류,폭15-20m,구도,0.0,0.0
249,250,무명도로-3001322,일반도로,국지도로,중로3류,폭12-15m,구도,0.0,0.0
250,251,무명도로-3001585,일반도로,국지도로,중로3류,폭12-15m,구도,0.0,0.0
251,252,무명도로-3001932,일반도로,국지도로,중로2류,폭15-20m,구도,0.0,0.0
252,253,무명도로-3002330,일반도로,국지도로,중로3류,폭12-15m,구도,0.0,0.0
253,254,무명도로-3002667,일반도로,국지도로,중로3류,폭12-15m,구도,0.0,0.0
254,255,무명도로-3002745,일반도로,국지도로,중로2류,폭15-20m,구도,0.0,0.0
255,256,무명도로-3003156,일반도로,국지도로,대로3류,폭25-30m,구도,0.0,0.0
256,257,무명도로-3003335,일반도로,국지도로,중로3류,폭12-15m,구도,0.0,0.0
257,258,무명도로-3003358,일반도로,국지도로,중로3류,폭12-15m,구도,0.0,0.0
258,259,무명도로-3003648,일반도로,국지도로,중로2류,폭15-20m,구도,0.0,0.0
259,260,무명도로-3003689,일반도로,국지도로,중로3류,폭12-15m,구도,0.0,0.0
260,261,무명도로-3003828,일반도로,국지도로,중로2류,폭15-20m,구도,0.0,0.0
261,262,무명도로-3003897,일반도로,국지도로,중로3류,폭12-15m,구도,0.0,0.0
262,263,무명도로-3004491,일반도로,국지도로,중로1류,폭20-25m,구도,0.0,0.0
263,264,무명도로-3004971,일반도로,국지도로,대로2류,폭30-35m,구도,0.0,0.0
264,265,무명도로-3009453,일반도로,국지도로,중로3류,폭12-15m,구도,0.0,0.0
265,266,무명도로-3009483,일반도로,국지도로,중로3류,폭12-15m,구도,0.0,0.0
266,267,무명도로-3009505,일반도로,국지도로,중로3류,폭12-15m,구도,0.0,0.0
267,268,무명도로-3009569,일반도로,국지도로,중로2류,폭15-20m,구도,0.0,0.0
268,269,무명도로-3009591,일반도로,국지도로,중로2류,폭15-20m,구도,0.0,0.0
269,270,무명도로-3009606,일반도로,국지도로,중로2류,폭15-20m,구도,0.0,0.0
270,271,무명도로-3009620,일반도로,국지도로,중로2류,폭15-20m,구도,0.0,0.0
271,272,무명도로-3009650,일반도로,국지도로,중로2류,폭15-20m,구도,0.0,0.0
272,273,무명도로-3009801,일반도로,국지도로,중로1류,폭20-25m,구도,0.0,0.0
273,274,무명도로-3009961,일반도로,국지도로,대로3류,폭25-30m,구도,0.0,0.0
274,275,무명도로-3009970,일반도로,국지도로,대로3류,폭25-30m,구도,0.0,0.0
275,276,무명도로-3010029,일반도로,국지도로,대로2류,폭30-35m,구도,0.0,0.0
276,277,무명도로-3010053,일반도로,국지도로,대로2류,폭30-35m,구도,0.0,0.0
277,278,무명도로-3010151,일반도로,국지도로,광로3류,폭40-50m,구도,0.0,0.0
278,279,무명도로-341465,일반도로,국지도로,중로3류,폭12-15m,구도,0.0,0.0
279,280,무명도로-48593,일반도로,국지도로,중로3류,폭12-15m,구도,0.0,0.0
280,281,무명도로-500488,일반도로,국지도로,중로2류,폭15-20m,구도,0.0,0.0
281,282,무명도로-68160,일반도로,국지도로,중로2류,폭15-20m,구도,0.0,0.0
282,283,무명도로-80035,일반도로,국지도로,중로2류,폭15-20m,구도,0.0,0.0
283,284,무명도로-960295,일반도로,국지도로,중로2류,폭15-20m,구도,0.0,0.0
284,285,문래~당산선,일반도로,보조간선도로,대로1류,폭35-40m,특별시도,0.0,0.0
285,286,문래~신길선,일반도로,보조간선도로,중로1류,폭20-25m,특별시도,0.0,0.0
286,287,문래로26길,일반도로,국지도로,중로2류,폭15-20m,구도,37.5178250222465,126.898219695898
287,288,문래로28길,일반도로,국지도로,중로2류,폭15-20m,구도,37.5170671278986,126.899199625282
288,289,문정~고덕선,일반도로,보조간선도로,대로2류,폭30-35m,특별시도,0.0,0.0
289,290,미아~상계선,일반도로,보조간선도로,대로2류,폭30-35m,특별시도,0.0,0.0
290,291,미아~수유선,일반도로,보조간선도로,중로2류,폭15-20m,특별시도,0.0,0.0
291,292,바우뫼로,일반도로,국지도로,중로2류,폭15-20m,구도,37.4750966183245,127.033694947839
292,293,바우뫼로12길,일반도로,국지도로,중로1류,폭20-25m,구도,37.4702911489255,127.032154476467
293,294,반포대로,일반도로,국지도로,중로1류,폭20-25m,구도,37.4985192636271,127.00438586818
294,295,밤고개로,일반도로,국지도로,대로2류,폭30-35m,구도,37.4781782601923,127.10564968856
295,296,방배~잠실선,일반도로,보조간선도로,대로1류,폭35-40m,특별시도,0.0,0.0
296,297,방배로,일반도로,국지도로,중로2류,폭15-20m,구도,37.4866606902992,126.994293607948
297,298,방배선,일반도로,보조간선도로,대로3류,폭25-30m,특별시도,0.0,0.0
298,299,방배천로,일반도로,국지도로,중로1류,폭20-25m,구도,37.4837287504415,126.982624948197
299,300,방이~마천선,일반도로,보조간선도로,광로2류,폭50-70m,특별시도,0.0,0.0
300,301,방학로,일반도로,국지도로,중로2류,폭15-20m,구도,37.66248583506,127.014314180882
301,302,방화~사가정선,일반도로,주간선도로,광로3류,폭40-50m,특별시도,0.0,0.0
302,303,방화~염창선,일반도로,보조간선도로,대로1류,폭35-40m,특별시도,0.0,0.0
303,304,방화대로,일반도로,국지도로,중로1류,폭20-25m,구도,37.5631415775948,126.816527540567
304,305,방화대로47길,일반도로,국지도로,중로2류,폭15-20m,구도,37.5761619470271,126.814516670782
305,306,방화대로48길,일반도로,국지도로,중로1류,폭20-25m,구도,37.5759987635602,126.818390474015
306,307,방화대로5가길,일반도로,국지도로,중로2류,폭15-20m,구도,37.5544997892645,126.815214094138
307,308,백범로,일반도로,국지도로,중로2류,폭15-20m,구도,37.5467341080058,126.944534877151
308,309,백범로90길,일반도로,국지도로,중로2류,폭15-20m,구도,37.5366999192696,126.970514634291
309,310,백제고분로,일반도로,국지도로,중로2류,폭15-20m,구도,37.5025454352153,127.095296383523
310,311,버드나루로,일반도로,국지도로,중로1류,폭20-25m,구도,37.5252901715372,126.909371190662
311,312,벌말로,일반도로,국지도로,대로3류,폭25-30m,구도,37.5545492017457,126.768334588651
312,313,법원로,일반도로,국지도로,광로3류,폭40-50m,구도,37.4937900233745,127.010627734887
313,314,법원로,일반도로,국지도로,대로2류,폭30-35m,구도,37.4937900233745,127.010627734887
314,315,법원로4길,일반도로,국지도로,중로3류,폭12-15m,구도,37.4945106390971,127.01168446907
315,316,보라매로,일반도로,국지도로,중로2류,폭15-20m,구도,37.4921304295388,126.926809297327
316,317,보라매로5가길,일반도로,국지도로,중로2류,폭15-20m,구도,37.4917158883253,126.92467842454
317,318,보라매로5길,일반도로,국지도로,대로3류,폭25-30m,구도,37.4929356449678,126.923237026236
318,319,보문로,일반도로,국지도로,중로2류,폭15-20m,구도,37.5770045596394,127.023188206565
319,320,봉래~관훈선,일반도로,보조간선도로,광로3류,폭40-50m,특별시도,0.0,0.0
320,321,봉래~세종로선,일반도로,주간선도로,광로3류,폭40-50m,특별시도,0.0,0.0
321,322,봉우제선,일반도로,보조간선도로,대로3류,폭25-30m,특별시도,0.0,0.0
322,323,봉은사로,일반도로,국지도로,중로2류,폭15-20m,구도,37.5109207267775,127.046050466999
323,324,봉천~상도선,일반도로,보조간선도로,중로1류,폭20-25m,특별시도,0.0,0.0
324,325,봉천로,일반도로,국지도로,중로2류,폭15-20m,구도,37.4864054907977,126.934924651248
325,326,봉천로5길,일반도로,국지도로,중로1류,폭20-25m,구도,37.4903165887006,126.92434117002
326,327,봉천로62길,일반도로,국지도로,중로2류,폭15-20m,구도,37.4777358028434,126.958750931305
327,328,봉화산로47길,일반도로,국지도로,중로2류,폭15-20m,구도,37.6061975413377,127.092344772987
328,329,부일로11길,일반도로,국지도로,중로2류,폭15-20m,구도,37.4960001312634,126.830599037976
329,330,북가좌~역촌선,일반도로,보조간선도로,중로1류,폭20-25m,특별시도,0.0,0.0
330,331,북부간선,자동차전용도로,도시고속도로,중로2류,폭15-20m,특별시도,0.0,0.0
331,332,북한산로,일반도로,국지도로,중로2류,폭15-20m,구도,37.6501344952763,126.931903125242
332,333,사가정로4길,일반도로,국지도로,중로2류,폭15-20m,구도,37.5713753415645,127.053408708621
333,334,사당~서빙고선,일반도로,주간선도로,광로3류,폭40-50m,특별시도,0.0,0.0
334,335,사당~암사선,일반도로,주간선도로,광로2류,폭50-70m,특별시도,0.0,0.0
335,336,사당고가도로,일반도로,도시고속도로,중로1류,폭20-25m,특별시도,0.0,0.0
336,337,사당로17길,일반도로,국지도로,중로1류,폭20-25m,구도,37.4859891508751,126.972808044023
337,338,사당로23나길,일반도로,국지도로,중로1류,폭20-25m,구도,37.48860759719,126.976730934807
338,339,사직로,일반도로,국지도로,중로2류,폭15-20m,구도,37.5759207171522,126.969170723831
339,340,사평대로,일반도로,국지도로,중로1류,폭20-25m,구도,37.5025217133822,127.004366989502
340,341,사평대로10길,일반도로,국지도로,중로1류,폭20-25m,구도,37.497671777863,126.992151032348
341,342,살곶이길,일반도로,국지도로,중로2류,폭15-20m,구도,37.5603136894405,127.049989997941
342,343,삼성로,일반도로,국지도로,중로2류,폭15-20m,구도,37.503234567496,127.058567001996
343,344,삼성로3길,일반도로,국지도로,중로2류,폭15-20m,구도,37.4848396054917,127.065443605742
344,345,삼성로4길,일반도로,국지도로,중로2류,폭15-20m,구도,37.4866763448215,127.069179102486
345,346,삼양로13길,일반도로,국지도로,중로1류,폭20-25m,구도,37.6110122031535,127.020360641385
346,347,삼일대로,일반도로,국지도로,광로2류,폭50-70m,구도,37.5434056865574,127.000714009021
347,348,삼전로,일반도로,국지도로,중로1류,폭20-25m,구도,37.5039290817966,127.087652207119
348,349,삼학사로,일반도로,국지도로,대로3류,폭25-30m,구도,37.5035585466247,127.097041369086
349,350,삼학사로1길,일반도로,국지도로,중로2류,폭15-20m,구도,37.49820777904,127.093649301944
350,351,상계로,일반도로,국지도로,중로2류,폭15-20m,구도,37.6594694783622,127.072047394436
351,352,상도~사당선,일반도로,보조간선도로,대로3류,폭25-30m,특별시도,0.0,0.0
352,353,상봉로31길,일반도로,국지도로,중로2류,폭15-20m,구도,37.5965562105746,127.091668730303
353,354,상암~대흥선,일반도로,보조간선도로,대로2류,폭30-35m,특별시도,0.0,0.0
354,355,상암~서교선,일반도로,보조간선도로,중로1류,폭20-25m,특별시도,0.0,0.0
355,356,상암~성산선,일반도로,보조간선도로,중로1류,폭20-25m,특별시도,0.0,0.0
356,357,상암로79길,일반도로,국지도로,중로1류,폭20-25m,구도,37.5482565672108,127.166708084636
357,358,상암산로,일반도로,국지도로,중로1류,폭20-25m,구도,37.5773503987098,126.889705980471
358,359,상암선,일반도로,보조간선도로,광로3류,폭40-50m,특별시도,0.0,0.0
359,360,상원1길,일반도로,국지도로,중로1류,폭20-25m,구도,37.5458075666721,127.048174408785
360,361,상일~고덕선,일반도로,보조간선도로,대로2류,폭30-35m,특별시도,0.0,0.0
361,362,상일로,일반도로,국지도로,중로2류,폭15-20m,구도,37.554558576558,127.171934140009
362,363,상일로10길,일반도로,국지도로,중로1류,폭20-25m,구도,37.5509732061773,127.174474978108
363,364,상일로12길,일반도로,국지도로,중로1류,폭20-25m,구도,37.5548197559661,127.17397727329
364,365,상일로6길,일반도로,국지도로,중로2류,폭15-20m,구도,37.549697311353,127.17635008248
365,366,새말로,일반도로,국지도로,중로1류,폭20-25m,구도,37.5040158783614,126.887118883074
366,367,새말로16길,일반도로,국지도로,중로2류,폭15-20m,구도,37.5041291368934,126.891153405005
367,368,새말로20길,일반도로,국지도로,중로2류,폭15-20m,구도,37.5046969007832,126.893072283322
368,369,새문안로,일반도로,국지도로,중로1류,폭20-25m,구도,37.5695369741908,126.970892555864
369,370,새문안로2길,일반도로,국지도로,중로1류,폭20-25m,구도,37.5693879223139,126.973055080545
370,371,서강로,일반도로,국지도로,중로2류,폭15-20m,구도,37.5498473438625,126.932141582395
371,372,서린~상일선,일반도로,주간선도로,광로3류,폭40-50m,특별시도,0.0,0.0
372,373,서부간선,자동차전용도로,도시고속도로,대로3류,폭25-30m,특별시도,0.0,0.0
373,374,서빙고로,일반도로,국지도로,중로1류,폭20-25m,구도,37.5202972401794,126.994926783123
374,375,서빙고로17길,일반도로,국지도로,중로1류,폭20-25m,구도,37.5255523447763,126.968665643322
375,376,서빙고로91길,일반도로,국지도로,대로3류,폭25-30m,구도,37.5227624919583,127.000468333235
376,377,서소문로,일반도로,국지도로,중로2류,폭15-20m,구도,37.5605593601542,126.965853491795
377,378,서오릉~진관외선,일반도로,보조간선도로,대로3류,폭25-30m,특별시도,0.0,0.0
378,379,서오릉로,일반도로,국지도로,중로2류,폭15-20m,구도,37.611389448593,126.917060437865
379,380,서운로21길,일반도로,국지도로,중로2류,폭15-20m,구도,37.4982332611289,127.022678458206
380,381,서울양양고속도로,일반도로,기타,대로2류,폭30-35m,고속국도,37.5759383745061,127.170196468974
381,382,서초~개포선,일반도로,보조간선도로,대로1류,폭35-40m,특별시도,0.0,0.0
382,383,서초~청담선,일반도로,보조간선도로,대로3류,폭25-30m,특별시도,0.0,0.0
383,384,서초대로,일반도로,국지도로,중로1류,폭20-25m,구도,37.491051599148,127.005107761818
384,385,서초중앙로,일반도로,국지도로,중로2류,폭15-20m,구도,37.493312166774,127.013756012546
385,386,서초중앙로28길,일반도로,국지도로,중로2류,폭15-20m,구도,37.4968374249119,127.013938160332
386,387,서해안고속도로,일반도로,기타,광로3류,폭40-50m,고속국도,37.452319744436,126.895115091422
387,388,서해안로,일반도로,국지도로,중로2류,폭15-20m,구도,37.486664788364,126.831786430308
388,389,선릉로,일반도로,국지도로,대로3류,폭25-30m,구도,37.5043503781162,127.049061461947
389,390,선릉로189길,일반도로,국지도로,중로2류,폭15-20m,구도,37.5313950718647,127.038354236416
390,391,선릉로4길,일반도로,국지도로,중로2류,폭15-20m,구도,37.4826884445598,127.062453121811
391,392,선유로,일반도로,국지도로,중로2류,폭15-20m,구도,37.5449221496739,126.906014491648
392,393,섬밭로,일반도로,국지도로,중로2류,폭15-20m,구도,37.6308435115357,127.06763620127
393,394,성남대로,일반도로,국지도로,대로3류,폭25-30m,구도,37.468982322915,127.126605735775
394,395,성내로,일반도로,국지도로,중로2류,폭15-20m,구도,37.5287504758654,127.125396830821
395,396,성내천로16길,일반도로,국지도로,중로2류,폭15-20m,구도,37.4990362508516,127.139947023811
396,397,성내천로43라길,일반도로,국지도로,중로2류,폭15-20m,구도,37.4939241628069,127.156979486437
397,398,성산~진관외선,일반도로,보조간선도로,대로3류,폭25-30m,특별시도,0.0,0.0
398,399,성산~홍제선,일반도로,보조간선도로,중로1류,폭20-25m,특별시도,0.0,0.0
399,400,성산로,일반도로,국지도로,중로1류,폭20-25m,구도,37.5633210877098,126.905035873072
400,401,성수~자양선,일반도로,보조간선도로,중로2류,폭15-20m,특별시도,0.0,0.0
401,402,성수동1가선,일반도로,보조간선도로,중로2류,폭15-20m,특별시도,0.0,0.0
402,403,성수선,일반도로,보조간선도로,대로2류,폭30-35m,특별시도,0.0,0.0
403,404,성수일로,일반도로,국지도로,중로1류,폭20-25m,구도,37.5457308904227,127.050125554175
404,405,성암로,일반도로,국지도로,중로2류,폭15-20m,구도,37.5757142634558,126.900214175317
405,406,성현로,일반도로,국지도로,중로1류,폭20-25m,구도,37.4919890822648,126.950007854869
406,407,세곡~상계선,일반도로,주간선도로,대로3류,폭25-30m,특별시도,0.0,0.0
407,408,세종대로,일반도로,국지도로,광로2류,폭50-70m,구도,37.5722376580739,126.977228710911
408,409,세종대로5길,일반도로,국지도로,중로2류,폭15-20m,구도,37.5589735412211,126.973296053755
409,410,소공로,일반도로,국지도로,중로1류,폭20-25m,구도,37.5610485252695,126.981753278054
410,411,소파로,일반도로,국지도로,중로2류,폭15-20m,구도,37.5559520891178,126.983991067763
411,412,송정~상봉선,일반도로,보조간선도로,중로3류,폭12-15m,특별시도,0.0,0.0
412,413,송파대로,일반도로,국지도로,대로3류,폭25-30m,구도,37.5008392832178,127.111182460215
413,414,송파대로28길,일반도로,국지도로,중로2류,폭15-20m,구도,37.4944891892987,127.120359993055
414,415,수도권제1순환고속도로,일반도로,기타,광로2류,폭50-70m,고속국도,37.5625474444107,127.173898922123
415,416,수명로,일반도로,국지도로,중로2류,폭15-20m,구도,37.5502138122448,126.824226749005
416,417,수색로,일반도로,국지도로,중로2류,폭15-20m,구도,37.5718366032265,126.909544949325
417,418,수서~오금선,일반도로,보조간선도로,대로1류,폭35-40m,특별시도,0.0,0.0
418,419,수유~상계7선,일반도로,보조간선도로,대로2류,폭30-35m,특별시도,0.0,0.0
419,420,수유~상계선,일반도로,보조간선도로,대로2류,폭30-35m,특별시도,0.0,0.0
420,421,숭인로8길,일반도로,국지도로,중로1류,폭20-25m,구도,37.6103792605537,127.02627676413
421,422,시흥~독산본선,일반도로,보조간선도로,중로2류,폭15-20m,특별시도,0.0,0.0
422,423,시흥~신림선,일반도로,보조간선도로,중로1류,폭20-25m,특별시도,0.0,0.0
423,424,시흥~중림선,일반도로,주간선도로,대로1류,폭35-40m,특별시도,0.0,0.0
424,425,시흥대로,일반도로,국지도로,대로3류,폭25-30m,구도,37.4820825007072,126.900781466234
425,426,시흥대로73길,일반도로,국지도로,중로2류,폭15-20m,구도,37.4565999641076,126.897118345287
426,427,시흥선,일반도로,보조간선도로,대로3류,폭25-30m,특별시도,0.0,0.0
427,428,신내로16길,일반도로,국지도로,중로1류,폭20-25m,구도,37.6135198334726,127.098636542534
428,429,신내로19길,일반도로,국지도로,중로2류,폭15-20m,구도,37.614915772252,127.092355100103
429,430,신내역로,일반도로,국지도로,대로3류,폭25-30m,구도,37.6131200932028,127.113444844793
430,431,신답지하도로,일반도로,도시고속도로,중로1류,폭20-25m,특별시도,0.0,0.0
431,432,신대방~신림선,일반도로,보조간선도로,대로3류,폭25-30m,특별시도,0.0,0.0
432,433,신도림~구로선,일반도로,보조간선도로,중로1류,폭20-25m,특별시도,0.0,0.0
433,434,신도림로,일반도로,국지도로,중로2류,폭15-20m,구도,37.5090056245284,126.88175910259
434,435,신림~노량진선,일반도로,보조간선도로,대로2류,폭30-35m,특별시도,0.0,0.0
435,436,신림~봉천선,일반도로,보조간선도로,중로1류,폭20-25m,특별시도,0.0,0.0
436,437,신림~진관내선,일반도로,주간선도로,대로1류,폭35-40m,특별시도,0.0,0.0
437,438,신림로,일반도로,국지도로,중로2류,폭15-20m,구도,37.4752641311216,126.936536716245
438,439,신목로7길,일반도로,국지도로,대로3류,폭25-30m,구도,37.5198433810966,126.87144564039
439,440,신반포로,일반도로,국지도로,중로2류,폭15-20m,구도,37.5055867976556,127.002955591295
440,441,신반포로16길,일반도로,국지도로,중로2류,폭15-20m,구도,37.5013498757108,126.995927230148
441,442,신사~청담선,일반도로,보조간선도로,광로3류,폭40-50m,특별시도,0.0,0.0
442,443,신사~홍은선,일반도로,보조간선도로,중로1류,폭20-25m,특별시도,0.0,0.0
443,444,신설~공릉선,일반도로,주간선도로,대로1류,폭35-40m,특별시도,0.0,0.0
444,445,신설~답십리선,일반도로,보조간선도로,대로3류,폭25-30m,특별시도,0.0,0.0
445,446,신영~동선동선,일반도로,보조간선도로,중로2류,폭15-20m,특별시도,0.0,0.0
446,447,신월~가양선,일반도로,보조간선도로,대로2류,폭30-35m,특별시도,0.0,0.0
447,448,신월~노량진선,일반도로,보조간선도로,대로1류,폭35-40m,특별시도,0.0,0.0
448,449,신월~목동선,일반도로,보조간선도로,중로2류,폭15-20m,특별시도,0.0,0.0
449,450,신월~신당선,일반도로,주간선도로,대로1류,폭35-40m,특별시도,0.0,0.0
450,451,신월~화곡선,일반도로,보조간선도로,대로1류,폭35-40m,특별시도,0.0,0.0
451,452,신월로,일반도로,국지도로,중로2류,폭15-20m,구도,37.5202730603001,126.84467276427
452,453,신월여의지하도로,자동차전용도로,도시고속도로,중로2류,폭15-20m,특별시도,0.0,0.0
453,454,신정~목동선,일반도로,보조간선도로,대로3류,폭25-30m,특별시도,0.0,0.0
454,455,신정~봉천선,일반도로,주간선도로,중로2류,폭15-20m,특별시도,0.0,0.0
455,456,신정로,일반도로,국지도로,중로2류,폭15-20m,구도,37.5062703716185,126.826532998903
456,457,신정로7길,일반도로,국지도로,중로2류,폭15-20m,구도,37.5112454992249,126.836163698185
457,458,신정이펜1로,일반도로,국지도로,광로3류,폭40-50m,구도,37.5116171389306,126.829962585154
458,459,신정이펜2로,일반도로,국지도로,중로1류,폭20-25m,구도,37.5138078569547,126.831611061849
459,460,신정이펜하우스~목동로,일반도로,보조간선도로,대로2류,폭30-35m,특별시도,0.0,0.0
460,461,신정중앙로,일반도로,국지도로,중로1류,폭20-25m,구도,37.5271555880814,126.857650175559
461,462,신천~거여선,일반도로,보조간선도로,대로2류,폭30-35m,특별시도,0.0,0.0
462,463,신천동선,일반도로,보조간선도로,대로3류,폭25-30m,특별시도,0.0,0.0
463,464,신촌로,일반도로,국지도로,중로1류,폭20-25m,구도,37.5567004043113,126.944143826967
464,465,신촌역로,일반도로,국지도로,중로2류,폭15-20m,구도,37.5591107350894,126.942236321672
465,466,신촌역선,일반도로,보조간선도로,중로1류,폭20-25m,특별시도,0.0,0.0
466,467,신풍로17길,일반도로,국지도로,중로2류,폭15-20m,구도,37.5022052875503,126.916336785655
467,468,쌍문~도봉선,일반도로,보조간선도로,중로2류,폭15-20m,특별시도,0.0,0.0
468,469,아리수로50길,일반도로,국지도로,중로2류,폭15-20m,구도,37.5589085910458,127.148635819492
469,470,아리수로93길,일반도로,국지도로,중로2류,폭15-20m,구도,37.5667520635461,127.173446313685
470,471,아리수로93나길,일반도로,국지도로,중로1류,폭20-25m,구도,37.572292465314,127.174420105585
471,472,아리수로93다길,일반도로,국지도로,대로3류,폭25-30m,구도,37.5741860279922,127.173295788941
472,473,아리수로94길,일반도로,국지도로,중로2류,폭15-20m,구도,37.5626215989718,127.176266678932
473,474,아리수로97길,일반도로,국지도로,중로1류,폭20-25m,구도,37.567992821011,127.177089338626
474,475,아리수로98길,일반도로,국지도로,중로1류,폭20-25m,구도,37.5646082980289,127.178244097383
475,476,아차산로,일반도로,국지도로,중로2류,폭15-20m,구도,37.5401906424882,127.094210961308
476,477,아차산로36길,일반도로,국지도로,중로1류,폭20-25m,구도,37.5374371713191,127.073990212053
477,478,아차산로70길,일반도로,국지도로,중로1류,폭20-25m,구도,37.5410188598543,127.100420400133
478,479,안양천로,일반도로,국지도로,중로1류,폭20-25m,구도,37.5506551258013,126.877696313818
479,480,알마타길,일반도로,국지도로,중로2류,폭15-20m,구도,37.5112010572019,126.928478794238
480,481,암사~강일선,일반도로,보조간선도로,대로2류,폭30-35m,특별시도,0.0,0.0
481,482,암사~상일선,일반도로,보조간선도로,대로2류,폭30-35m,특별시도,0.0,0.0
482,483,압구정로,일반도로,국지도로,대로2류,폭30-35m,구도,37.5289544238544,127.032388485241
483,484,양녕로,일반도로,국지도로,중로1류,폭20-25m,구도,37.4874598666954,126.946642044696
484,485,양산로,일반도로,국지도로,대로3류,폭25-30m,구도,37.4910978447291,127.143626634309
485,486,양산로,일반도로,국지도로,중로2류,폭15-20m,구도,37.4910978447291,127.143626634309
486,487,양재~혜화선,일반도로,주간선도로,대로3류,폭25-30m,특별시도,0.0,0.0
487,488,양재대로,일반도로,국지도로,대로3류,폭25-30m,구도,37.484714285569,127.073399876863
488,489,양재대로2길,일반도로,국지도로,중로2류,폭15-20m,구도,37.4568791243279,127.020493970032
489,490,양재대로84길,일반도로,국지도로,중로1류,폭20-25m,구도,37.5234003707726,127.135788801393
490,491,양재대로88길,일반도로,국지도로,대로3류,폭25-30m,구도,37.5253378544967,127.136518593363
491,492,양재대로~헌릉로간연결도로,일반도로,보조간선도로,대로3류,폭25-30m,특별시도,0.0,0.0
492,493,양재지하도로,일반도로,도시고속도로,중로2류,폭15-20m,특별시도,0.0,0.0
493,494,양천로,일반도로,국지도로,중로2류,폭15-20m,구도,37.5669018833913,126.844113157266
494,495,양천로55길,일반도로,국지도로,중로2류,폭15-20m,구도,37.5658798994595,126.849824428713
495,496,양천로57길,일반도로,국지도로,중로2류,폭15-20m,구도,37.5640277359057,126.852695154201
496,497,양천로6길,일반도로,국지도로,중로2류,폭15-20m,구도,37.570267807055,126.807469919368
497,498,양평~노고산선,일반도로,주간선도로,대로1류,폭35-40m,특별시도,0.0,0.0
498,499,양평~상도선,일반도로,보조간선도로,대로3류,폭25-30m,특별시도,0.0,0.0
499,500,양평로,일반도로,국지도로,중로2류,폭15-20m,구도,37.5366860053346,126.896305451352
500,501,양평로21길,일반도로,국지도로,중로2류,폭15-20m,구도,37.5365307908696,126.892904196704
501,502,양화로,일반도로,국지도로,중로2류,폭15-20m,구도,37.5524807275474,126.917871092886
502,503,양화로18길,일반도로,국지도로,중로2류,폭15-20m,구도,37.5566605359753,126.92461084022
503,504,언주로,일반도로,국지도로,중로1류,폭20-25m,구도,37.5070444396357,127.040077297966
504,505,언주로7길,일반도로,국지도로,중로2류,폭15-20m,구도,37.4771539292711,127.055165953999
505,506,여의공원로,일반도로,국지도로,중로1류,폭20-25m,구도,37.5266934053695,126.921603583852
506,507,여의교지하도로,일반도로,도시고속도로,중로2류,폭15-20m,특별시도,0.0,0.0
507,508,여의나루로,일반도로,국지도로,중로1류,폭20-25m,구도,37.5231393775552,126.926612496866
508,509,여의나루로4길,일반도로,국지도로,중로1류,폭20-25m,구도,37.5218606012324,126.927514657654
509,510,여의대로,일반도로,국지도로,대로2류,폭30-35m,구도,37.5288217557174,126.929319183026
510,511,여의대방로,일반도로,국지도로,중로2류,폭15-20m,구도,37.5017382342469,126.920956558238
511,512,여의대방로10길,일반도로,국지도로,중로2류,폭15-20m,구도,37.4942746477969,126.91472145121
512,513,여의대방로20길,일반도로,국지도로,대로3류,폭25-30m,구도,37.4937776246699,126.918773454
513,514,여의대방로35가길,일반도로,국지도로,중로2류,폭15-20m,구도,37.5029087776599,126.918506500305
514,515,여의대방로36길,일반도로,국지도로,중로2류,폭15-20m,구도,37.50620355262,126.927018139011
515,516,여의대방로43라길,일반도로,국지도로,중로2류,폭15-20m,구도,37.5083138703662,126.91990218637
516,517,여의대방로44길,일반도로,국지도로,중로2류,폭15-20m,구도,37.5088927745815,126.927445538552
517,518,여의도둔치선,일반도로,보조간선도로,중로1류,폭20-25m,특별시도,0.0,0.0
518,519,여의도선,일반도로,보조간선도로,대로3류,폭25-30m,특별시도,0.0,0.0
519,520,여의동로,일반도로,국지도로,중로1류,폭20-25m,구도,37.5177858473086,126.937164490226
520,521,여의서로,일반도로,국지도로,중로1류,폭20-25m,구도,37.5336562086742,126.913045597849
521,522,역삼로,일반도로,국지도로,중로1류,폭20-25m,구도,37.4997643298214,127.048453207585
522,523,역촌~녹번선,일반도로,보조간선도로,대로3류,폭25-30m,특별시도,0.0,0.0
523,524,역촌~대조선,일반도로,보조간선도로,대로2류,폭30-35m,특별시도,0.0,0.0
524,525,연무장3길,일반도로,국지도로,중로1류,폭20-25m,구도,37.5447084799177,127.05169696136
525,526,연서로,일반도로,국지도로,중로2류,폭15-20m,구도,37.624185395914,126.928235430795
526,527,연서로44길,일반도로,국지도로,중로2류,폭15-20m,구도,37.6282680929808,126.933722704489
527,528,연서로46길,일반도로,국지도로,중로2류,폭15-20m,구도,37.6334427856474,126.934637922734
528,529,영동대로,일반도로,국지도로,대로1류,폭35-40m,구도,37.5096340744694,127.062722923499
529,530,영동대로3길,일반도로,국지도로,중로2류,폭15-20m,구도,37.4873400183524,127.072792995748
530,531,영동대로4길,일반도로,국지도로,중로2류,폭15-20m,구도,37.4897797941509,127.075618712601
531,532,영등포~당산선,일반도로,보조간선도로,대로2류,폭30-35m,특별시도,0.0,0.0
532,533,영등포로,일반도로,국지도로,중로2류,폭15-20m,구도,37.5199052244681,126.905217956367
533,534,영신로9라길,일반도로,국지도로,중로2류,폭15-20m,구도,37.5128040824222,126.905699958496
534,535,영신로9마길,일반도로,국지도로,중로2류,폭15-20m,구도,37.5132616297577,126.905722004742
535,536,영신로9사길,일반도로,국지도로,중로2류,폭15-20m,구도,37.5108352509,126.905753106921
536,537,영신로9아길,일반도로,국지도로,중로2류,폭15-20m,구도,37.5105629037019,126.905673257544
537,538,영중로,일반도로,국지도로,중로2류,폭15-20m,구도,37.5240566401073,126.905276394536
538,539,오금로,일반도로,국지도로,중로2류,폭15-20m,구도,37.5042339166908,127.124712298791
539,540,오류~대림선,일반도로,보조간선도로,대로1류,폭35-40m,특별시도,0.0,0.0
540,541,오리로15길,일반도로,국지도로,중로2류,폭15-20m,구도,37.4933533935678,126.831521185848
541,542,오목로,일반도로,국지도로,중로2류,폭15-20m,구도,37.5252860928667,126.858093228929
542,543,오목로4길,일반도로,국지도로,중로1류,폭20-25m,구도,37.5209079452627,126.841648740342
543,544,오현로35길,일반도로,국지도로,중로2류,폭15-20m,구도,37.6321300486786,127.037727570818
544,545,오현로36길,일반도로,국지도로,중로2류,폭15-20m,구도,37.6290748215083,127.041693716794
545,546,온수~망우선,일반도로,주간선도로,대로2류,폭30-35m,특별시도,0.0,0.0
546,547,올림픽대로,일반도로,국지도로,대로3류,폭25-30m,구도,37.5310289835702,127.041582849999
547,548,올림픽대로,자동차전용도로,도시고속도로,광로3류,폭40-50m,특별시도,37.5310289835702,127.041582849999
548,549,올림픽로,일반도로,국지도로,중로2류,폭15-20m,구도,37.5464322694836,127.126211884574
549,550,올림픽로33길,일반도로,국지도로,중로2류,폭15-20m,구도,37.519631109354,127.107940739865
550,551,올림픽로35가길,일반도로,국지도로,중로2류,폭15-20m,구도,37.516846173182,127.103232954756
551,552,올림픽로35길,일반도로,국지도로,중로2류,폭15-20m,구도,37.5188116600481,127.105835904879
552,553,올림픽로35나길,일반도로,국지도로,중로2류,폭15-20m,구도,37.519558434639,127.101602459823
553,554,올림픽로35다길,일반도로,국지도로,중로2류,폭15-20m,구도,37.5150311949663,127.101146813872
554,555,올림픽로4길,일반도로,국지도로,중로1류,폭20-25m,구도,37.5074634652249,127.07450938358
555,556,왕산로,일반도로,국지도로,중로2류,폭15-20m,구도,37.578762991087,127.040657410267
556,557,왕산로34길,일반도로,국지도로,중로2류,폭15-20m,구도,37.5780564725072,127.04283457356
557,558,왕십리광장로,일반도로,국지도로,대로2류,폭30-35m,구도,37.5606524954504,127.038067374735
558,559,왕십리로,일반도로,국지도로,중로2류,폭15-20m,구도,37.5564070882657,127.043294117246
559,560,외발산~방화선,일반도로,보조간선도로,대로1류,폭35-40m,특별시도,0.0,0.0
560,561,용답중앙5길,일반도로,국지도로,대로3류,폭25-30m,구도,37.5666062922076,127.051355994418
561,562,용두~면목선,일반도로,보조간선도로,중로1류,폭20-25m,특별시도,0.0,0.0
562,563,용마산로,일반도로,국지도로,중로2류,폭15-20m,구도,37.5621615626785,127.087181064707
563,564,용마산로125다길,일반도로,국지도로,대로1류,폭35-40m,구도,37.6016845682964,127.097938850332
564,565,용마산로132길,일반도로,국지도로,중로2류,폭15-20m,구도,37.6095865415875,127.10195323903
565,566,용마산로72길,일반도로,국지도로,대로2류,폭30-35m,구도,37.5836087402377,127.09535172984
566,567,용산~서빙고선,일반도로,보조간선도로,중로1류,폭20-25m,특별시도,0.0,0.0
567,568,용산~성수선,일반도로,보조간선도로,대로3류,폭25-30m,특별시도,0.0,0.0
568,569,용인서울고속도로,일반도로,기타,광로3류,폭40-50m,고속국도,37.4635502261866,127.093170083744
569,570,우면~수서선,일반도로,주간선도로,대로2류,폭30-35m,특별시도,0.0,0.0
570,571,우면~중학선,일반도로,주간선도로,대로2류,폭30-35m,특별시도,0.0,0.0
571,572,우면산로,일반도로,국지도로,중로1류,폭20-25m,구도,37.4682826301747,127.016245014486
572,573,우사단로10길,일반도로,국지도로,중로2류,폭15-20m,구도,37.5320036190308,127.000235892575
573,574,우이천로45길,일반도로,국지도로,중로2류,폭15-20m,구도,37.6543957933651,127.015313159748
574,575,우정국로,일반도로,국지도로,중로2류,폭15-20m,구도,37.5722035844157,126.983020193588
575,576,월계~도봉선,일반도로,보조간선도로,중로1류,폭20-25m,특별시도,0.0,0.0
576,577,월계~마들선,일반도로,보조간선도로,중로1류,폭20-25m,특별시도,0.0,0.0
577,578,월계로55길,일반도로,국지도로,중로1류,폭20-25m,구도,37.6329992510823,127.059535253723
578,579,월곡선,일반도로,보조간선도로,중로1류,폭20-25m,특별시도,0.0,0.0
579,580,월드컵로,일반도로,국지도로,중로1류,폭20-25m,구도,37.566323846836,126.89750607359
580,581,월드컵북로,일반도로,국지도로,중로2류,폭15-20m,구도,37.5717393153074,126.901141476306
581,582,월드컵북로54길,일반도로,국지도로,중로1류,폭20-25m,구도,37.5809975403995,126.889043405008
582,583,월드컵북로60길,일반도로,국지도로,중로1류,폭20-25m,구도,37.5825875921331,126.885995578537
583,584,위례~거여선,일반도로,보조간선도로,대로2류,폭30-35m,특별시도,0.0,0.0
584,585,위례광장로,일반도로,국지도로,중로1류,폭20-25m,구도,37.4814860063726,127.142195303224
585,586,위례대로,일반도로,국지도로,광로3류,폭40-50m,구도,37.48545258512,127.150431767075
586,587,위례북로,일반도로,국지도로,중로1류,폭20-25m,구도,37.4882193003863,127.150579446132
587,588,위례북로2길,일반도로,국지도로,중로1류,폭20-25m,구도,37.4872602788553,127.15127652185
588,589,위례북로6길,일반도로,국지도로,중로1류,폭20-25m,구도,37.4893328876229,127.155081551769
589,590,위례서로,일반도로,국지도로,대로1류,폭35-40m,구도,37.481581861664,127.139636784017
590,591,위례서이로,일반도로,국지도로,중로1류,폭20-25m,구도,37.483084127059,127.138245274073
591,592,위례성대로,일반도로,국지도로,광로2류,폭50-70m,구도,37.5124798097102,127.126330912567
592,593,위례송파로,일반도로,국지도로,대로3류,폭25-30m,구도,37.4851999739886,127.141433937105
593,594,위례송파로1길,일반도로,국지도로,중로1류,폭20-25m,구도,37.4885990953141,127.138021942322
594,595,위례송파로2길,일반도로,국지도로,중로1류,폭20-25m,구도,37.4834145369147,127.136375795472
595,596,위례송파로5길,일반도로,국지도로,중로1류,폭20-25m,구도,37.4859010635023,127.142993000388
596,597,위례순환로,일반도로,국지도로,대로2류,폭30-35m,구도,37.4783823667072,127.139113821024
597,598,위례중앙로,일반도로,국지도로,대로3류,폭25-30m,구도,37.4743268527107,127.137945837008
598,599,위례터널선,일반도로,보조간선도로,중로2류,폭15-20m,특별시도,0.0,0.0
599,600,율곡로,일반도로,국지도로,중로2류,폭15-20m,구도,37.5762366972226,126.996239109644
600,601,은천로33길,일반도로,국지도로,중로2류,폭15-20m,구도,37.4882461733856,126.952324817762
601,602,은행로,일반도로,국지도로,대로3류,폭25-30m,구도,37.5287713163078,126.922316975549
602,603,을지~둔촌선,일반도로,주간선도로,대로3류,폭25-30m,특별시도,0.0,0.0
603,604,을지로,일반도로,국지도로,중로2류,폭15-20m,구도,37.5664820135766,126.994701347326
604,605,을지로13길,일반도로,국지도로,중로2류,폭15-20m,구도,37.5668907286937,126.991931089933
605,606,의사당대로,일반도로,국지도로,대로1류,폭35-40m,구도,37.5231014144598,126.922749333876
606,607,의사당선,일반도로,보조간선도로,중로2류,폭15-20m,특별시도,0.0,0.0
607,608,이문~신내선,일반도로,보조간선도로,중로2류,폭15-20m,특별시도,0.0,0.0
608,609,이문~창동선,일반도로,보조간선도로,중로1류,폭20-25m,특별시도,0.0,0.0
609,610,이문로,일반도로,국지도로,중로2류,폭15-20m,구도,37.5960006772448,127.059935489657
610,611,이수1고가도로,일반도로,도시고속도로,중로2류,폭15-20m,특별시도,0.0,0.0
611,612,이수~청담선,일반도로,보조간선도로,대로3류,폭25-30m,특별시도,0.0,0.0
612,613,이촌로46길,일반도로,국지도로,중로2류,폭15-20m,구도,37.5207124748156,126.965591571569
613,614,이촌로54길,일반도로,국지도로,중로2류,폭15-20m,구도,37.520698214215,126.967410335115
614,615,인천국제공항고속도로,일반도로,기타,광로2류,폭50-70m,고속국도,37.5848542302622,126.811701232286
615,616,일원~잠실선,일반도로,보조간선도로,대로2류,폭30-35m,특별시도,0.0,0.0
616,617,일원로,일반도로,국지도로,대로3류,폭25-30m,구도,37.4876071144711,127.082342545526
617,618,일원로13길,일반도로,국지도로,중로2류,폭15-20m,구도,37.4857159262513,127.084725075115
618,619,일원로14길,일반도로,국지도로,중로2류,폭15-20m,구도,37.4853239676282,127.082202662687
619,620,일원로3길,일반도로,국지도로,중로2류,폭15-20m,구도,37.4923942684969,127.08373617377
620,621,임정로,일반도로,국지도로,대로3류,폭25-30m,구도,37.5452299373494,126.958215197544
621,622,자곡~문정선,일반도로,보조간선도로,대로1류,폭35-40m,특별시도,0.0,0.0
622,623,자곡로,일반도로,국지도로,대로3류,폭25-30m,구도,37.4728378151191,127.100038576387
623,624,자양번영로,일반도로,국지도로,중로2류,폭15-20m,구도,37.5339070176604,127.075889299641
624,625,자유로,일반도로,국지도로,광로3류,폭40-50m,구도,37.5758517059388,126.863988544497
625,626,잠실~방이선,일반도로,보조간선도로,대로1류,폭35-40m,특별시도,0.0,0.0
626,627,잠실로,일반도로,국지도로,중로1류,폭20-25m,구도,37.5100373755375,127.096412863258
627,628,잠실철교선,일반도로,보조간선도로,중로1류,폭20-25m,특별시도,0.0,0.0
628,629,잠원로,일반도로,국지도로,중로2류,폭15-20m,구도,37.5144972461851,127.007739201468
629,630,잠원로14길,일반도로,국지도로,중로2류,폭15-20m,구도,37.5180113006429,127.014775542232
630,631,잠원로3길,일반도로,국지도로,중로2류,폭15-20m,구도,37.5097116194928,127.005002488819
631,632,잠원로4길,일반도로,국지도로,중로2류,폭15-20m,구도,37.5121434873936,127.009835074782
632,633,잠원로8길,일반도로,국지도로,중로1류,폭20-25m,구도,37.5144225513405,127.011141470954
633,634,장안~수유선,일반도로,보조간선도로,중로1류,폭20-25m,특별시도,0.0,0.0
634,635,장안교지하도로,일반도로,주간선도로,중로2류,폭15-20m,구도,0.0,0.0
635,636,장월로37길,일반도로,국지도로,중로1류,폭20-25m,구도,37.6193702717601,127.050504227735
636,637,장지~가회선,일반도로,주간선도로,광로2류,폭50-70m,특별시도,0.0,0.0
637,638,장지~문정선,일반도로,보조간선도로,대로1류,폭35-40m,특별시도,0.0,0.0
638,639,장지~성수선,일반도로,주간선도로,대로2류,폭30-35m,특별시도,0.0,0.0
639,640,장충단로7길,일반도로,국지도로,중로1류,폭20-25m,구도,37.5625168478155,127.004615645639
640,641,장한로,일반도로,국지도로,대로2류,폭30-35m,구도,37.5697849969212,127.070111084751
641,642,장한평~사가정선,일반도로,보조간선도로,대로3류,폭25-30m,특별시도,0.0,0.0
642,643,저동~을지로선,일반도로,보조간선도로,중로1류,폭20-25m,특별시도,0.0,0.0
643,644,적선~부암선,일반도로,보조간선도로,중로2류,폭15-20m,특별시도,0.0,0.0
644,645,전농로10길,일반도로,국지도로,중로1류,폭20-25m,구도,37.5758516919766,127.061496497882
645,646,정릉~번동선,일반도로,보조간선도로,중로1류,폭20-25m,특별시도,0.0,0.0
646,647,정의로,일반도로,국지도로,중로1류,폭20-25m,구도,37.4833678634453,127.116690054772
647,648,정의로3길,일반도로,국지도로,중로2류,폭15-20m,구도,37.4835211576189,127.11509517613
648,649,정의로7길,일반도로,국지도로,중로2류,폭15-20m,구도,37.4854140532637,127.114292925735
649,650,조원로,일반도로,국지도로,중로2류,폭15-20m,구도,37.4846221470569,126.912736688596
650,651,조원중앙로,일반도로,국지도로,중로1류,폭20-25m,구도,37.4825155657139,126.906464242559
651,652,조정대로,일반도로,국지도로,대로3류,폭25-30m,구도,37.5491417939595,127.18120496675
652,653,종로,일반도로,국지도로,중로1류,폭20-25m,구도,0.0,0.0
653,654,종로40길,일반도로,국지도로,중로2류,폭15-20m,구도,37.5703759541178,127.006724291839
654,655,종암~회기선,일반도로,보조간선도로,중로1류,폭20-25m,특별시도,0.0,0.0
655,656,종암로,일반도로,국지도로,중로2류,폭15-20m,구도,37.5908661826509,127.036325249347
656,657,중곡~신내선,일반도로,보조간선도로,중로1류,폭20-25m,특별시도,0.0,0.0
657,658,중대로,일반도로,국지도로,중로2류,폭15-20m,구도,37.4961305777774,127.124594106901
658,659,중대로4길,일반도로,국지도로,중로2류,폭15-20m,구도,37.4882692373309,127.112624037956
659,660,중앙로,일반도로,국지도로,중로2류,폭15-20m,구도,37.5039858151024,126.86172117109
660,661,중앙로,일반도로,국지도로,중로2류,폭15-20m,구도,37.5039858151024,126.86172117109
661,662,중앙로,일반도로,국지도로,중로2류,폭15-20m,구도,37.5039858151024,126.86172117109
662,663,중학~성북선,일반도로,보조간선도로,중로3류,폭12-15m,특별시도,0.0,0.0
663,664,증산~연희선,일반도로,보조간선도로,중로1류,폭20-25m,특별시도,0.0,0.0
664,665,증산로,일반도로,국지도로,중로2류,폭15-20m,구도,37.5691396502247,126.894957726822
665,666,지봉로,일반도로,국지도로,중로2류,폭15-20m,구도,37.583942203711,127.016863255286
666,667,진관1로,일반도로,국지도로,중로1류,폭20-25m,구도,37.6315620129112,126.92500199019
667,668,진관2로,일반도로,국지도로,중로2류,폭15-20m,구도,37.6341554485008,126.924497497577
668,669,진관3로,일반도로,국지도로,중로2류,폭15-20m,구도,37.6407820896161,126.92130698701
669,670,진관내~진관외선,일반도로,보조간선도로,대로3류,폭25-30m,특별시도,0.0,0.0
670,671,진흥로,일반도로,국지도로,중로2류,폭15-20m,구도,37.6097452822252,126.949707726994
671,672,창경궁로,일반도로,국지도로,중로2류,폭15-20m,구도,37.5880893057136,127.005136690318
672,673,창신~답십리선,일반도로,보조간선도로,대로3류,폭25-30m,특별시도,0.0,0.0
673,674,창포원로,,국지도로,대로3류,폭25-30m,구도,37.6909979460513,127.049147318866
674,675,천왕로,일반도로,국지도로,중로2류,폭15-20m,구도,37.4819359242051,126.83829268546
675,676,천호대로,일반도로,국지도로,대로3류,폭25-30m,구도,37.5350983107849,127.145055222924
676,677,천호대로213길,일반도로,국지도로,중로1류,폭20-25m,구도,37.5450048131315,127.167000144729
677,678,천호대로47길,일반도로,국지도로,중로2류,폭15-20m,구도,37.5742375674311,127.043682078661
678,679,청계산로7길,일반도로,국지도로,중로2류,폭15-20m,구도,37.4514777269479,127.055525810448
679,680,청계천로,일반도로,국지도로,대로3류,폭25-30m,구도,37.5706211495936,127.033177047025
680,681,청암~원효선,일반도로,보조간선도로,중로1류,폭20-25m,특별시도,0.0,0.0
681,682,청와대로,일반도로,국지도로,중로2류,폭15-20m,구도,37.5836128039792,126.978205470511
682,683,청파로,일반도로,국지도로,중로1류,폭20-25m,구도,37.5378339976327,126.970833827265
683,684,청파로47나길,일반도로,국지도로,중로2류,폭15-20m,구도,37.5472404932548,126.967937203103
684,685,초안산로,일반도로,국지도로,중로2류,폭15-20m,구도,37.6332715548762,127.0522532217
685,686,충무~낙원선,일반도로,보조간선도로,중로2류,폭15-20m,특별시도,0.0,0.0
686,687,충민로,일반도로,국지도로,중로2류,폭15-20m,구도,37.4798867279612,127.127584682195
687,688,충정로,일반도로,국지도로,중로1류,폭20-25m,구도,37.562540292859,126.9643345628
688,689,칠패로,일반도로,국지도로,대로3류,폭25-30m,구도,37.5596243597596,126.971866362215
689,690,탄천동로,일반도로,국지도로,중로1류,폭20-25m,구도,37.4972195541221,127.09589722315
690,691,테헤란로,일반도로,국지도로,광로2류,폭50-70m,구도,37.504059366187,127.047486752713
691,692,테헤란로113길,일반도로,국지도로,중로2류,폭15-20m,구도,37.5107397288814,127.066133423148
692,693,테헤란로114길,일반도로,국지도로,중로2류,폭15-20m,구도,37.5083670031727,127.066969304215
693,694,테헤란로115길,일반도로,국지도로,중로2류,폭15-20m,구도,37.5133354686813,127.0668678727
694,695,테헤란로7길,일반도로,국지도로,중로2류,폭15-20m,구도,37.5001242406915,127.030514570364
695,696,통일로,일반도로,국지도로,중로1류,폭20-25m,구도,37.5793255048709,126.953089384511
696,697,퇴계로,일반도로,국지도로,중로1류,폭20-25m,구도,37.5619946022677,126.997426891724
697,698,팔판~효자선,일반도로,보조간선도로,중로1류,폭20-25m,특별시도,0.0,0.0
698,699,필동~도봉선,일반도로,주간선도로,대로2류,폭30-35m,특별시도,0.0,0.0
699,700,필동~와룡선,일반도로,보조간선도로,중로1류,폭20-25m,특별시도,0.0,0.0
700,701,하늘공원로,일반도로,국지도로,중로1류,폭20-25m,구도,37.5725759908917,126.88320135015
701,702,하늘길,일반도로,국지도로,대로2류,폭30-35m,구도,37.5580171130867,126.805846682258
702,703,하수~마포선,일반도로,보조간선도로,중로2류,폭15-20m,특별시도,0.0,0.0
703,704,학동로,일반도로,국지도로,중로1류,폭20-25m,구도,37.5171854156214,127.041144875644
704,705,한강대로,일반도로,국지도로,중로1류,폭20-25m,구도,37.5364888834287,126.974277118032
705,706,한강대로102길,일반도로,국지도로,중로2류,폭15-20m,구도,37.5495069956541,126.973554503888
706,707,한강대로67길,일반도로,국지도로,광로3류,폭40-50m,구도,37.5374512090393,126.972530489759
707,708,한강대로77길,일반도로,국지도로,대로3류,폭25-30m,구도,37.5419106180942,126.971764392821
708,709,한남~광희선,일반도로,보조간선도로,중로1류,폭20-25m,특별시도,0.0,0.0
709,710,한남~응봉선,일반도로,보조간선도로,대로3류,폭25-30m,특별시도,0.0,0.0
710,711,한남~태평로선,일반도로,보조간선도로,중로1류,폭20-25m,특별시도,0.0,0.0
711,712,한남대로,일반도로,국지도로,광로3류,폭40-50m,구도,37.5381888151036,127.004461283713
712,713,한내로,일반도로,국지도로,중로1류,폭20-25m,구도,37.4569204675918,126.88810972714
713,714,한천로105길,일반도로,국지도로,중로2류,폭15-20m,구도,37.6258457417296,127.046142457714
714,715,한천로115길,일반도로,국지도로,중로2류,폭15-20m,구도,37.632139781076,127.038002869356
715,716,한천로66길,일반도로,국지도로,중로1류,폭20-25m,구도,37.6054699577503,127.067361354486
716,717,항동~개봉선,일반도로,보조간선도로,대로1류,폭35-40m,특별시도,0.0,0.0
717,718,항동로,일반도로,국지도로,중로1류,폭20-25m,구도,37.4781868141812,126.824759521554
718,719,항동선,일반도로,보조간선도로,광로3류,폭40-50m,특별시도,0.0,0.0
719,720,해등로25길,일반도로,국지도로,중로2류,폭15-20m,구도,37.6567622873055,127.033029369439
720,721,해등로32가길,일반도로,국지도로,중로2류,폭15-20m,구도,37.6614779101572,127.020928960478
721,722,해등로4길,일반도로,국지도로,중로1류,폭20-25m,구도,37.6489758207145,127.045468487951
722,723,허준로,일반도로,국지도로,중로2류,폭15-20m,구도,37.565254149473,126.853546969889
723,724,헌릉로,일반도로,국지도로,중로1류,폭20-25m,구도,37.464781234054,127.107643449238
724,725,헌릉로422길,일반도로,국지도로,중로2류,폭15-20m,구도,37.4574188612929,127.090004207073
725,726,현저고가도로,일반도로,도시고속도로,중로2류,폭15-20m,특별시도,0.0,0.0
726,727,현충로,일반도로,국지도로,중로2류,폭15-20m,구도,37.506376035308,126.96840810312
727,728,홍익~용두선,일반도로,보조간선도로,중로1류,폭20-25m,특별시도,0.0,0.0
728,729,화곡로,일반도로,국지도로,중로2류,폭15-20m,구도,37.5554446964995,126.852071150433
729,730,화랑로,일반도로,국지도로,중로2류,폭15-20m,구도,37.623667879153,127.090607080004
730,731,화랑로48길,일반도로,국지도로,중로1류,폭20-25m,구도,37.6145413023994,127.066716689493
731,732,회기~번동선,일반도로,보조간선도로,중로1류,폭20-25m,특별시도,0.0,0.0
732,733,회나무로13가길,일반도로,국지도로,대로3류,폭25-30m,구도,37.5409939455457,126.991475957383
733,734,효령로,일반도로,국지도로,중로2류,폭15-20m,구도,37.4834283664006,127.008049863116
734,735,효창원로,일반도로,국지도로,광로3류,폭40-50m,구도,37.5501523494394,126.963615416029
735,736,효창원로15길,일반도로,국지도로,중로2류,폭15-20m,구도,37.5363337180106,126.953355855305
736,737,후암로15길,일반도로,국지도로,중로2류,폭15-20m,구도,37.5486110780575,126.977179431929
737,738,휘경~면목선,일반도로,보조간선도로,대로3류,폭25-30m,특별시도,0.0,0.0
738,739,흑석한강로,일반도로,국지도로,중로1류,폭20-25m,구도,37.5049782381319,126.965585561691
739,740,흥인~면목선,일반도로,보조간선도로,대로2류,폭30-35m,특별시도,0.0,0.0
740,741,63로,일반도로,국지도로,대로3류,폭25-30m,구도,37.5193469164946,126.937657849707
